,equal_returns,industry_returns,NIFTY_returns
0,2.299792176389318,2.3238227025829685,1.8778709611303137
