,equal_returns,industry_returns,NIFTY_returns
0,28.265391293091945,18.30933905904793,20.496421185125815
1,10.117584834947433,5.6192030853461015,9.727840806779831
2,285.9774943008423,102.88389453125,199.3859223976135
