,equal_returns,industry_returns,NIFTY_returns
0,50.16071531228188,37.206602116249435,52.80099264216423
1,2.109779979470127,1.2480579642468819,0.8666303609983935
2,105.82807292175293,46.43599609375,45.75894331455231
